1,2,3,4,5,7,8,9,10,11,12,14,15,16,17,18,19,20,21,22,23,24,25,26,27,28,29,30,31,32,33,34,35,36,37,39,40,41,42,43,44,45,46,47,48,49,50,51,52,53,54,55,56,57,58,60,61,62,64,65,66,70,71,72,74,76,81,89,211
0.3819140237607658,0.44942531212168846,0.42077328984522,0.3837020714758821,0.36869315759992316,0.28848701730037596,0.40790010421583156,0.34934344078141205,0.378982954450037,0.35436271318750157,0.33530842101597885,0.3394454263740161,0.3292183012708911,0.31623560184087873,0.34684136144113664,0.47358545392813284,0.40747992368497155,0.3514971315041235,0.3888095944344939,0.37299456405324527,0.36867423696820356,0.32460428375995753,0.43767916140805707,0.38001559845355065,0.3339168417956369,0.329426163461205,0.4208279354392078,0.4582618991092093,0.31963556025776,0.3125265174143293,0.35967186313066896,0.38980248715868304,0.29049829830519996,0.47234826270004515,0.3140416462494798,0.3427786833834201,0.3164964429010384,0.3513520669641294,0.34330066666131304,0.4647586846356026,0.27521250931382224,0.28242125223131465,0.34557929555664485,0.30986769309891016,0.3760045586700392,0.3357840169255212,0.39119829923064375,0.35960970376399704,0.3810137510685935,0.3610960011376938,0.3384204513862423,0.29198555693563544,0.32825480826297865,0.36937556600266064,0.3131894290945722,0.3011310581874239,0.4109455169502977,0.42767850638915444,0.3538026583179088,0.4186153796551775,0.33730909539431814,0.3205821034555363,0.31470872254267834,0.33008071752244095,0.31298072687461015,0.3055002423332122,0.34747263318030874,0.3036003145450319,0.3018705583058742
0.3882828939562145,0.39807770551148225,0.40496827241727523,0.3072793809836643,0.3799080259392111,0.2877620508836688,0.3973426813929216,0.3405681356354291,0.32694615152398676,0.3349980809150008,0.3218398323701779,0.3036382195406953,0.3531365111611838,0.31862529154709107,0.35543769532196756,0.4310825519633849,0.35254573157519964,0.3176551975804381,0.3452091771193467,0.35414258296329487,0.37934980903043825,0.3359206890883918,0.420768133717523,0.373111059022191,0.3181136358846314,0.31837600105256475,0.41296119918078955,0.4352731892868319,0.32172347830832,0.2724575227763167,0.3214528352356631,0.37582159624740624,0.30033771387938335,0.4125044289599454,0.2957144956270149,0.355274061770716,0.3148406806469724,0.3756629279238623,0.3329670916078177,0.45112552900080016,0.29841022364506375,0.30455218694723396,0.351904890325749,0.3013266540992721,0.34722635780208055,0.3448918648320963,0.3580002673507054,0.3564912033618284,0.3639658866967151,0.3598226195534573,0.32495055306120957,0.29676792602288293,0.3339685040637455,0.34219201167625196,0.30305337296140095,0.30011003060566144,0.39146785426142683,0.433644687035347,0.33059436286036414,0.4063499365221318,0.3324776116980733,0.29348495354798126,0.33994177147221366,0.32094197800558627,0.2914581821639041,0.278379516424239,0.3611943736824372,0.27298171305697344,0.32032282416882585
0.34250693561465057,0.34303500212457955,0.35274872161251875,0.2872462743970713,0.3399077618128437,0.2615869722047381,0.3337653373119893,0.29667938660430443,0.29667304559106855,0.3040926805315022,0.2898145620355639,0.27933211500836524,0.2835461967156825,0.3086279006698181,0.30020506525862417,0.3859944054799922,0.3361003802177314,0.30851723117501245,0.30782976857693317,0.30507562037033054,0.34022014321933924,0.3053883164757233,0.372936810766414,0.3315652329552011,0.29373800354838436,0.285465640852902,0.38099712206574227,0.3862036784979466,0.291493186961425,0.26568833962866545,0.2733505560072765,0.3301859366275548,0.28941392077018324,0.3668571138064878,0.2831898247726635,0.3022818369881778,0.27718461902032987,0.30930231524567625,0.2880346424893879,0.37283283669856043,0.26331744601343404,0.28050444506750094,0.3075020228254937,0.30744021091349744,0.3298623850268965,0.2885073103266807,0.31106390214534385,0.3008474802968233,0.31269479056235217,0.2939283759198488,0.31414122568501024,0.2801499339128696,0.2793343405252437,0.2977810258953159,0.2648184759583751,0.2715284978606909,0.3300397780085598,0.36246423828276436,0.2917723800487156,0.3547361455890942,0.29869683546135134,0.2698204802578695,0.30751155798070534,0.2993173453656364,0.2680203485854479,0.2638589363727996,0.3244197073254175,0.25969930248461337,0.29757988771225496
0.24787532539965676,0.25321161668857606,0.29615929469000507,0.23137061102473633,0.2555545410782753,0.20656549868444632,0.2536327658053898,0.20760992793551086,0.22238548604123573,0.23055739474177447,0.21426711129584375,0.23489061517660084,0.23549939645573661,0.22143830723555305,0.22925578114199105,0.28293274517727934,0.2544920343985578,0.22346175304847662,0.23767010577264908,0.2317874989819279,0.28649378652000357,0.237451716621711,0.28296727257952564,0.24990633799999923,0.22864549772421283,0.21512125646265826,0.27913692716542704,0.2950749515709219,0.23412181670379903,0.22686711786628258,0.23819026072242458,0.2624707530004932,0.1992869178847265,0.29551341570330886,0.22080702931910906,0.22054870426854312,0.20437553547917453,0.23428175860069544,0.22257934218135744,0.2808139466807794,0.18711830634124355,0.227666222975793,0.24126260721522214,0.22226516605551466,0.2559654441173341,0.2286190489184389,0.2388871123561337,0.23442233566953302,0.24981978734901303,0.23841856697543914,0.24151084512433238,0.1968739803133913,0.21476009568533175,0.24082369794116473,0.2094479387901759,0.2081293291564188,0.24468376495695573,0.26814528963484585,0.22226286380663537,0.27911872705154867,0.23302194304756266,0.22903898009346152,0.23622088129902152,0.2383121982252451,0.21889773631730775,0.2014543580138655,0.23463387992971613,0.2049176119430624,0.22583417928620314
0.17366044203917894,0.17677374977227484,0.2193567340210324,0.15912185031440185,0.1892875084396661,0.15410751225377822,0.17972642145755857,0.1771643050321189,0.16462437985494494,0.1674224455448066,0.16893921839106552,0.16699988132385485,0.1708273350406357,0.16030544176059588,0.16578638599481704,0.2058215454117388,0.1987112289478755,0.16429199225650026,0.17005142894401806,0.16687890147977189,0.2111259713403316,0.1652143648896476,0.21845420769062357,0.18827462202539727,0.1634146265852583,0.17119844543853466,0.2019535084395847,0.230715730577101,0.18029749238431625,0.15073147552882235,0.17603728430552212,0.20086894229723223,0.16143122569110843,0.2007421829938057,0.15808286021975088,0.15510283521346868,0.1605163899433163,0.1804682083465965,0.17236463919924813,0.22914040312283826,0.14423706258205726,0.17059160229296233,0.18918311981035107,0.16507300479443185,0.1827563437466361,0.18580283130646788,0.1763787239758851,0.1728677534755474,0.18430718417231276,0.17615792988013848,0.19100788547087671,0.14692332840458927,0.1699777202094822,0.18788531418805887,0.1671692768457307,0.15905549586879716,0.19164703577926057,0.22397305829415562,0.19007027996562048,0.20093716123123073,0.1597028655681036,0.15547880100940778,0.1709718812213329,0.1653947845928665,0.1550545567824187,0.14633519104840997,0.17993684179896713,0.15208917967214872,0.1724789486534432
0.12211091865137272,0.12212212807096232,0.1687609828440305,0.12449564749499176,0.14900633544829978,0.09578312750855277,0.12926223176949841,0.11975063018419313,0.12932534824061795,0.12595643232816275,0.12017792783797927,0.11290324471181759,0.11162844421491787,0.10685443713251044,0.13230239162525967,0.15503031444513354,0.11815284646901875,0.11982716019116343,0.12867978066235458,0.12056336282092596,0.13351260094783163,0.10824653776210603,0.17957911252491474,0.13404312472796923,0.11653369042346534,0.11438234979293595,0.15277151034331574,0.17570489468162165,0.12203466807422622,0.09132666963774898,0.12746991648275174,0.15111781059517557,0.11140895249650748,0.12936587454249215,0.0942307497662769,0.12689582640334712,0.10347054928162526,0.11740166211926713,0.11498246400964852,0.17225186862537115,0.10176394853808388,0.1052181555980825,0.12435414975869703,0.11940263617758778,0.13293273417375204,0.12318174465759983,0.12415121633123337,0.1182173525138562,0.11521718732033892,0.12873193678164438,0.12621293826187022,0.10152470626201389,0.1073230792108779,0.136585160911101,0.12038906904648541,0.10728162968882829,0.12966128346215103,0.14558610011232095,0.1430605438088432,0.14942422019493884,0.12575541925403064,0.10309598385015926,0.116503813011733,0.1145720468146273,0.10579988446805333,0.10742681229003621,0.12586976462666494,0.09049989739796153,0.11401795329130983
0.08396935246536563,0.09421166024352239,0.12235908255451747,0.08777874302759006,0.09713695296245449,0.06140692030084224,0.08977665722554418,0.07116156943541439,0.0825976611470179,0.08648934365196097,0.0762790479210152,0.07674169686471173,0.08665856505184424,0.07138247311856741,0.10127596493787396,0.11142756190100385,0.09410555613194412,0.08868091181908414,0.0832385807868909,0.07351695834863674,0.08714681127149443,0.07561797509983136,0.13407936575938753,0.0941032126347351,0.07459438896985923,0.08574613426822808,0.10052974872822525,0.1434106476782254,0.0849520379153809,0.07507166707416277,0.10476458587104213,0.09877820350892223,0.07296561226921129,0.10126844242149939,0.0675976248086234,0.0814957922315876,0.06633863789240635,0.07814875471363507,0.07505904232769262,0.12639099994990632,0.0730157253513879,0.07256361341827745,0.0901018662759174,0.08747009690268784,0.08482189582272964,0.08372964287911007,0.07821444525297547,0.07774615868403337,0.08367121475289081,0.0889662224928945,0.08754538873004931,0.061119640007564535,0.08295915769183765,0.11728139332260433,0.0944253570810939,0.07236911952443194,0.09609846429997494,0.11357389134491837,0.10460141029974673,0.09681376173884751,0.08049713150087394,0.07238965439914,0.08816230944395112,0.07729682667824664,0.07593178579578888,0.06982385401348656,0.08250602536954423,0.06980936856308874,0.07489944194359002
0.06050583834884276,0.05369626893001382,0.09079614731590956,0.07608565006264714,0.07507268347800372,0.03911684852325954,0.05932848778590602,0.060978542137558496,0.06062564992077096,0.06346665344575517,0.040081318238037345,0.04836900886492458,0.054824224120973174,0.04377324912877832,0.06420426715381078,0.07543894114638142,0.055588200380910266,0.05769123303763952,0.05582777569231706,0.0492114490793294,0.05128179311611258,0.0439933899286763,0.09598019515038603,0.07336687109141746,0.050755423861703744,0.051359761711207624,0.0809206343744079,0.10076156464959934,0.054154241242268905,0.05078746781025989,0.06927250133518173,0.08053572761323154,0.04438304408063243,0.07807910101846792,0.04487690384323945,0.05220998419445522,0.037778389785196966,0.05296270150864131,0.05643314115802251,0.09922630912260802,0.04802164219559673,0.040012272679631526,0.05383481478490354,0.05672571414565093,0.05897380871220862,0.05587226592625564,0.06533126419462976,0.04820553199295216,0.07106148803920322,0.055868133780169554,0.05990447912204346,0.039888014945237804,0.054434055232588964,0.08735720641026061,0.07254167304059689,0.038937054211467884,0.06573931072569664,0.08280061276196213,0.06728366854238586,0.0671254221231676,0.058292863375367786,0.05640180710358412,0.04937228669209469,0.06271304906837503,0.04807899938973815,0.04218547805641959,0.05862015646707361,0.04509486781659084,0.041058355402177636
0.04435793727242126,0.03912800271769402,0.07946125842451765,0.05273200110890625,0.06452072087010806,0.03126788797658759,0.04806750800961698,0.04113996909065381,0.05650327460912726,0.0477124927307556,0.03367619298717413,0.039729454797407825,0.042995806429848724,0.051370341250680615,0.049973951720126954,0.06727680680453042,0.04427710128363386,0.052763045293635465,0.049965660155836915,0.04181846111071793,0.046626871940589495,0.03429900937983783,0.08327877939414899,0.06283467657035266,0.043823117665754904,0.03843904333250792,0.05462996868910438,0.07660449374240098,0.0406577659323603,0.04748953663565024,0.03229086450638302,0.055442062331071226,0.03731497438392128,0.05752053382034114,0.038122638318111565,0.04157981726734712,0.033017954328594556,0.04614369880865733,0.05038028491764365,0.0861018694900323,0.04180124925776809,0.03276243314885654,0.043896852293059646,0.047061853732748286,0.05341044020607908,0.04453304750045393,0.04323692820056294,0.05215403875640817,0.053324717183734084,0.04710737079274389,0.04256910528483056,0.03845799720443896,0.057061528960627154,0.06583736370746705,0.050737731185002924,0.035496794326459795,0.0390047697208252,0.059159680511059555,0.04290160485716841,0.051923660245139766,0.04101519167088454,0.04763591302839558,0.04914847246627616,0.04872116710469469,0.04448721896431698,0.04230092255260272,0.05094022636502383,0.03164073348813994,0.04205349153792412
0.027050691534337583,0.022500296091381017,0.0775360332006107,0.05422435148520576,0.04856790398624882,0.02789078828877485,0.03604536249551577,0.02551671041857943,0.05521804218023276,0.04071950862046787,0.018584231515784106,0.03563861144572701,0.036050023337995694,0.03511435251758866,0.03870331679980227,0.04753494008219336,0.026357244922463087,0.04690278017342399,0.046835179207800635,0.024805578573782284,0.032280949597261376,0.02710489663440112,0.07855223061813846,0.053085931606973655,0.030078798598331215,0.0272020463832209,0.0532322690175561,0.05396333985484963,0.03396985589730074,0.03919430903531067,0.034897556070789204,0.04172977466933221,0.03367122923037875,0.04227661145227614,0.022003607399371013,0.021295239922368734,0.034253072434100536,0.02659989315471102,0.03946258849342946,0.07656087839787717,0.03613500947463638,0.02280826359690442,0.034199997331429866,0.030583191526731956,0.04488078615630281,0.03950795252259157,0.032007060543841795,0.03582390003229027,0.05263270352627288,0.030517556828739432,0.025544132677314913,0.035303374022876616,0.03412590850360308,0.06736508958154129,0.05280033759715784,0.021369144320249712,0.03364257873244949,0.05332997740943489,0.03891409054279437,0.04453259171293841,0.02539874040322187,0.04041304266879083,0.036825522977133394,0.037672380713517965,0.0259816828931881,0.025412005754336234,0.026564296432062668,0.025072020367363692,0.031864119756739806
0.022750582113504555,0.029434847600872824,0.08285177811850747,0.05708804161894636,0.06596755407667995,0.026383283139223185,0.03981646445646694,0.021560943137143747,0.05705400266585654,0.030402146088834698,0.020512645698821736,0.03268957044337884,0.03364221904702014,0.052055081581392035,0.030780993692040553,0.054641232910398664,0.03155448630988123,0.03840857654975646,0.04983495405233284,0.02577878419862353,0.03817658575922353,0.02381692021145659,0.08150524168666008,0.06417312970507692,0.026804236046514232,0.024500370908241986,0.044448353610410704,0.06071154565089897,0.03073419879771039,0.03050096556604501,0.03528224780459935,0.04871423450976247,0.039883040718950324,0.05350942830276174,0.019232124576614957,0.02023044213364191,0.03818672226888902,0.027317396046662504,0.048245123684865575,0.07725112237125396,0.04684775976765929,0.03047497424370079,0.03616025277138029,0.03026166936568905,0.03809048513865302,0.0511159736008512,0.0378140839721475,0.03605010484873738,0.059143581915210325,0.0270112497728828,0.022535761292375125,0.05110022117179683,0.039641258040711363,0.08830219548537538,0.06368691484590822,0.021412381249006508,0.041253314034410474,0.05317420989928147,0.04292316468169813,0.05100508662812699,0.025534117461976685,0.04239616357083323,0.04551699442951204,0.033874231468089815,0.02617616461628396,0.021964254379208764,0.029669868947915654,0.025772863597244306,0.0342144771084681
0.027207319758709318,0.02991234838508884,0.09974525894459967,0.07067665644512439,0.09168482526230912,0.03271265217310468,0.041275243776996824,0.02887462414306651,0.07876442144356748,0.04958113788065782,0.025027409398597846,0.04379372666508595,0.06443145204779338,0.07168523313225665,0.03995195076127175,0.06351822987590242,0.035174171510984245,0.04359298959923204,0.0532019717971529,0.028615082898599997,0.041462195246299856,0.03688421500797989,0.0989838973220036,0.10874923494295918,0.03223864968303173,0.028403303203925537,0.04872453041879724,0.0707800561592259,0.05908237359816913,0.055917608128420566,0.06864841966541732,0.07467973270912534,0.050050732604129504,0.058242299299020604,0.028541333501692627,0.025970162069258198,0.0530280806986028,0.05666515624170601,0.06168584192338799,0.10040596576152787,0.05376168368804917,0.03553542177391909,0.04463047666689085,0.041169986031282184,0.04571201906526321,0.06671047769991101,0.04488974912122245,0.05480225567997103,0.094680832182991,0.03270449593852963,0.030505683411949445,0.07274325401964822,0.06590236103662352,0.14190490762239152,0.11510180666265923,0.026346125276370362,0.06375197524324458,0.07207036497774855,0.08590697804071297,0.06832417222663151,0.04050783029392487,0.04887313046304701,0.04838191986228127,0.053255771479546264,0.03668245331110564,0.04332961912656246,0.04128078843836603,0.0393800654959387,0.05547401093483906
0.07971593000197022,0.08159698540574453,0.13879617260239793,0.10476930841458325,0.1649710844088485,0.06024774745653932,0.09475518030946392,0.07259930252209625,0.10419982373027468,0.08411678155323714,0.05803611766915951,0.059961345444427785,0.1199568088399,0.09434264611224683,0.06702054969923497,0.12382509647889059,0.09893676370452503,0.06866963410129831,0.08224988549561386,0.06925318072585396,0.07812013945643642,0.06318180674216642,0.1320459323494765,0.15853824912893216,0.0618960313688713,0.06709183311325544,0.09688035326779035,0.09102553134994125,0.08498959739970892,0.06353576644991495,0.17356074110278283,0.14166626872374216,0.0924893363923524,0.1016056341202928,0.03433778845576535,0.0636561986632542,0.06367924420823039,0.0898466162700386,0.14670591637043554,0.15250007156900308,0.10576151397039135,0.07694273407851167,0.09582394342497087,0.06053417021142724,0.07443342790808252,0.10780907634493836,0.10338739732201768,0.06716594354765044,0.21066380410523075,0.05995940722675586,0.06198608579847743,0.09962292678805851,0.10339976543033622,0.265828421457993,0.22600588254642617,0.06811091103134122,0.15506404361079057,0.13720633395258633,0.22403800438327764,0.16913899973337052,0.07109407487088103,0.060630606624688076,0.08639721060557297,0.05966520979942913,0.03796610075801243,0.04341071010357549,0.07997792706213337,0.05574548306744709,0.08456002639545844
0.16188636390392908,0.17102484477095142,0.29634197823436775,0.21676026455976313,0.2917601249373003,0.10224115856170322,0.16160922605259403,0.13787274019650966,0.17174497907311576,0.1501587518709754,0.11798434258301388,0.09594820083153818,0.24280699513137438,0.19720226102492652,0.13283869532389855,0.218086068262945,0.19109516488269435,0.12842184776752796,0.12907850865264972,0.17475381112665836,0.15117775117477314,0.11842915281913717,0.22060521091306443,0.265303463980807,0.11318081155377109,0.10844338769277458,0.20146479934215264,0.1263891450608842,0.10612734043580242,0.09227583621254001,0.3786044930545499,0.24485424945479448,0.18892352618677113,0.16541856128771903,0.0674378002121707,0.14376785112008533,0.1426221169541187,0.19266399454581168,0.2429012267900588,0.2875920198352632,0.20502790531274862,0.11701594386509943,0.17725911414238218,0.07996386257662663,0.11470015904391435,0.17875530202235848,0.19794700377487315,0.07866047401283181,0.3590095086447257,0.126834791087447,0.11767238879197771,0.18447063219541493,0.19741640690355236,0.49520494654000885,0.46103605146256094,0.10526956605859021,0.29647067698260526,0.26148262578630505,0.38252255430014015,0.24663642235388397,0.07772231303250322,0.13394077471401328,0.1609749274262061,0.09030519258172243,0.07700853225295963,0.0881475494031153,0.1793341926692261,0.09580574828469655,0.17271916355155728
0.3017945072983458,0.3733881681831536,0.528287039532306,0.4792950144928095,0.38262809217901783,0.19224819116025804,0.32414025145394704,0.251947228374753,0.30226896167806316,0.25556104640030497,0.21229210830687273,0.23065137106771616,0.3170177369302475,0.3287147316326754,0.2282201195843236,0.431046800599592,0.34120481186294155,0.23679958404569046,0.2444443443203045,0.2765897627527632,0.2672372548927079,0.19890149349180558,0.3938710061413398,0.369232277568019,0.20848248703948707,0.19982655124635473,0.3326685181704272,0.1348340569199861,0.1109840012154434,0.1268377256240425,0.5721115850816589,0.41840746948767815,0.34987545468938647,0.38113980700389044,0.10953118369676865,0.26308899224851495,0.20821128844282077,0.3103171424667491,0.33246395908535387,0.5066044385491628,0.3281730643910617,0.21087294554148178,0.28674611304220426,0.13798259692282216,0.23229183868509806,0.31197056688197183,0.3317582464122618,0.15140773178614647,0.42806820220100905,0.2228417687246047,0.24192609607354754,0.30660523830983555,0.2945954715090028,0.7134925247682554,0.6338385196131218,0.18558982606406565,0.4623095268444928,0.42239138153001504,0.4767713981552529,0.3858861779416483,0.09956936967258868,0.17839875546443765,0.2733841396869637,0.1301643277645835,0.1225144002276224,0.15396927241521924,0.2651694090615813,0.16031291357361424,0.33014119049159396
0.39722350609438695,0.4557469203576742,0.5555919528350565,0.4949848841201267,0.3776404969690229,0.23736693825394875,0.4319718298746014,0.3471573637253006,0.4377163831278309,0.3501274652362177,0.3148124492942311,0.25735200142981096,0.37326917278612737,0.36314881664170545,0.3719353217837448,0.4690366352107191,0.44785785524023597,0.23779107323167845,0.3690713203979461,0.37823051541761427,0.3585728238422184,0.2716714047398102,0.5243464306235118,0.35675311243743274,0.303945773452601,0.3357889403049414,0.3980260283786775,0.20928437109142153,0.17640134436089716,0.1844324546820648,0.6575325948044133,0.4988748638959119,0.35327066259869666,0.5286081394835375,0.1782099319983016,0.41649552452798555,0.26583440977505235,0.3920661341193602,0.383990738741051,0.4992253858172207,0.3267656314341965,0.2885340716835035,0.3464196579413889,0.1808196237617043,0.2708714072843981,0.3523439971883218,0.40679824806180614,0.2045177024179017,0.45125096126701025,0.38129063761409454,0.35896015431663575,0.3266405758521319,0.3365009750449467,0.7301166212262848,0.6866290995576501,0.28079761693161376,0.5127662621409865,0.4872421530375582,0.539033466946389,0.4657681189307452,0.1559883653751701,0.22104711918093906,0.31277376726156975,0.17482181311118547,0.18763184220951934,0.18431394491196054,0.3975039834131305,0.2183652068854107,0.39554624284526574
0.3833414338099502,0.4729896622553227,0.5629382199726598,0.3973188453320956,0.35200684117801556,0.2326745402445576,0.43480182173403253,0.3324264831382344,0.4026824168162843,0.34803917389384015,0.2914669102663973,0.30880848497119145,0.33565582045437775,0.3216903826784696,0.31500006696188515,0.46477347167688354,0.37893245956958194,0.3443317309191833,0.39778584134537787,0.35111224663892837,0.36970563914319954,0.25200680081403115,0.5239739110182275,0.3607274586439954,0.29273168787139703,0.2830537565711785,0.4935875267703518,0.28622713787448023,0.19686189968612905,0.22324382792778957,0.5221904713706396,0.4505537832787883,0.32445123717967567,0.493717228214545,0.24792971242242332,0.34923716868896915,0.2697483050678776,0.31809261561086527,0.36302798330163605,0.5100785078780715,0.30074253110842986,0.2599575463293364,0.30636981591347034,0.23524171338748404,0.3486874603957509,0.32790783682413477,0.38119489439591775,0.2543413457149044,0.3754289770248482,0.3375694211189477,0.32433204356587164,0.28786452446334726,0.3064092493618357,0.5990206052112932,0.5581376868884431,0.2739058909026728,0.49718001410556206,0.5235275305655344,0.48823979066700113,0.4248977857841242,0.1886713567668693,0.25484410208837255,0.29073528388852643,0.2237512959366897,0.24326351969688867,0.24327742660558965,0.3281129184572949,0.2582280493767377,0.3391544078901777
0.28988790465771996,0.3529482356181785,0.43383026354311083,0.3973487563388904,0.3900557587507617,0.25802051874343007,0.3603874396998473,0.2632275958544875,0.36945153545433274,0.3181233641951728,0.2727500276951018,0.30358332444738556,0.28858851519515777,0.2863601909250667,0.2654563774791662,0.4077858489943847,0.2849366227440297,0.31997297048170575,0.3871375382334409,0.2784445259290949,0.3193287526208994,0.2730874089841379,0.4227824455056789,0.34020942376195096,0.2895359003768723,0.2541654754120888,0.3612982336873752,0.2977949348933362,0.1509410801235527,0.18141827898851967,0.40428053890042426,0.3538666094556165,0.28952010470723605,0.3960942102850068,0.2447685264220224,0.2823225699951435,0.2738757999389448,0.29516082525189813,0.31765869838995425,0.40947904827447745,0.30453921760133806,0.2586069861689175,0.30634185194567837,0.20920810939990764,0.2953924443950557,0.322492446041334,0.2764129023398893,0.2768476691363413,0.33499467497523533,0.30763447045179565,0.2871177253261816,0.3090308415331361,0.2957001896835567,0.4526141327661587,0.43157831778362366,0.26222755102236,0.4342406979590333,0.4118432655225513,0.3660731223430496,0.32966276176646797,0.18469024706675966,0.2088487198046538,0.27197736379999854,0.218853690926541,0.24892274741751658,0.2269388569439376,0.28656066516607587,0.25044766705596,0.2969961130476708
0.241398766785127,0.2614631422224475,0.3825752970435589,0.3164137718416612,0.2831168618790174,0.23322153091836564,0.27889296549343373,0.22443652881467732,0.3331588135921613,0.2878832730407654,0.2171955014218915,0.2824757851921688,0.199371980957926,0.25168942974331043,0.23977748482128755,0.3436597088781585,0.2415634303774405,0.29876085762615023,0.36054849434438496,0.2196047103680375,0.2778231723712575,0.2490068945284885,0.3630029077643443,0.2736860071583098,0.26599567142935643,0.21563614560577984,0.34504339081268964,0.29780776272991594,0.14628481137789134,0.20701829990415477,0.28533064791815965,0.2692949924324966,0.23906837182439178,0.35418634399235255,0.23985487299889444,0.22262689421273954,0.21505124612029775,0.21839345079409728,0.2520377004480635,0.36293434284361825,0.22994233235067146,0.21667989046777336,0.2467798595456764,0.24210980206531688,0.3155553948313824,0.23856272372862347,0.24999033968030024,0.29816512225846825,0.24527257071018402,0.24758819460383796,0.21538807253100908,0.222434641787896,0.20079587332981386,0.3122136933682082,0.2938684558272402,0.22343754137043204,0.3162204894734142,0.34955151863023004,0.2669916531287591,0.28619957845757515,0.18815831586765783,0.24477595065410399,0.2211508621374879,0.28511103983091024,0.2473862287957116,0.23876798752260445,0.20589965078428243,0.20568386200990613,0.240721473379969
0.21620155351673917,0.23785048465327358,0.35576256191016126,0.36622647148266296,0.2557778365109564,0.22733224840364083,0.2253778737540493,0.1950557447510863,0.3443277559739129,0.23882893161622246,0.19874843257207975,0.29018031605414873,0.17918403248390355,0.20435080579323942,0.2150573466970255,0.3539778429542249,0.18572611233373176,0.29761596172267357,0.3621152361434481,0.1820159165528711,0.2244832049618585,0.2361811203004239,0.3656515750406102,0.26174633910831346,0.2327328040826237,0.19628025423330867,0.2941284037761819,0.4086065996108138,0.2068410842306659,0.19255115559935645,0.24907543104662333,0.22517282750777512,0.18641882489034567,0.30227384095407367,0.22567441822922638,0.18017795736417686,0.22135256806533335,0.20623775923483922,0.20411602887041247,0.3637791422831747,0.18288901756282713,0.19422733646799376,0.21119487318021174,0.27377101987907715,0.31315472511687187,0.23936757098344175,0.19367321196893747,0.2818599416684859,0.21666612622561365,0.2334387907657251,0.190627673711069,0.1946377579417691,0.19846913063672916,0.2653700835391378,0.2503395655852635,0.195549425664546,0.25029845073618684,0.27489172529396405,0.2230121078679973,0.2350363094499496,0.27031280233529303,0.19026808363925551,0.2091942745217299,0.24110639284666358,0.22046980687068046,0.18422400984368845,0.19465511319258233,0.2167343058387769,0.20881468915717546
0.19942167459713228,0.23082034170203947,0.3965544209085208,0.37086311550637874,0.2882371911187775,0.21363377755029575,0.2037636949613804,0.17685618939580158,0.3093313399589002,0.25713439805913285,0.2083342453896057,0.25770042247292874,0.18594055979001795,0.22686860698742572,0.2405287775276108,0.3474558866864882,0.17669940493302075,0.2849541248686147,0.31968924198365256,0.17160183967906525,0.23105649818116178,0.24611016372589561,0.373456221482382,0.2900755585595807,0.2427417288613012,0.18309744601189024,0.2796370963416063,0.48027784504726523,0.2826556286122235,0.21152753947454897,0.24690536144131425,0.2215614191061612,0.21821906809097252,0.25512880551822814,0.22958024847094544,0.16583488042430267,0.22255280039817527,0.20822245186537341,0.2233019881847911,0.38775895066657207,0.19467074762898764,0.1886289400188178,0.19805289752337912,0.34114823649653925,0.28444008526847675,0.21662603428237998,0.18830570102205155,0.28274908321554265,0.2644789106079985,0.24517645243294367,0.16256198476752418,0.21168975488680133,0.2014964940621899,0.24100885373644468,0.19727708983981881,0.20359540477938295,0.25178150327190846,0.2835446075726048,0.22349696298009347,0.2048463000180298,0.3004470059602688,0.2646964806860541,0.20183297610822348,0.28252813848247943,0.21896091927445577,0.2139096842403861,0.18561379697565947,0.20915743170044407,0.21800913243464137
0.29248435860071625,0.28718571095787493,0.38941636650183836,0.32939665147432473,0.30231521198015315,0.25197310823307867,0.3275981241848239,0.2631699134595275,0.33910316699217624,0.29114876884137003,0.25103120725903355,0.2670806812191374,0.26115158836123076,0.2680738663160724,0.2851430851429777,0.3860605119373319,0.2545733253431993,0.3093293482954725,0.3298920934458475,0.25575066985099976,0.3010536239288278,0.27144247734744087,0.3855800098297317,0.3217372579810174,0.293644041959983,0.2356049380495389,0.33111082045433926,0.48171654774279654,0.332266418979446,0.2656061782764009,0.2686402862452435,0.297441748220997,0.22594801783469665,0.3291768644412839,0.2249789553987221,0.2548214052909758,0.25321465098118123,0.2577349272096772,0.24754151496985297,0.39721183766951784,0.22984432944409505,0.24115073476810264,0.25604196904629273,0.3656432831336544,0.2957573766321991,0.24195518668775337,0.2740463020892103,0.29742321138800853,0.3282044659689114,0.28967465663518577,0.2518775851625338,0.25440487636991843,0.23833568276823383,0.29763327711792203,0.24045371147471184,0.24022815183619214,0.2909010682404168,0.33845197210721467,0.28477046049200483,0.2886954489931137,0.32547695605751986,0.2594647653145069,0.23982579111657357,0.3243281036213973,0.22908364688209018,0.2450005138154328,0.25258081200108273,0.2423162094584414,0.2522950648764414
0.3588353822991132,0.40178291959749496,0.4141041614708858,0.3449367347366975,0.3694503373640626,0.2495762700743654,0.3736184431922998,0.3197720160542351,0.3138965660133841,0.32324328371012334,0.2791805730592815,0.2846921163149156,0.2999064132287021,0.3038385523891062,0.34816817740432404,0.4567730256925738,0.3243142633789669,0.29608879361769075,0.3464590973943099,0.31282425874405706,0.305095412639965,0.28700788245162345,0.4202873758704719,0.37829731202731254,0.3097098437511929,0.2793826341519112,0.4275730781849839,0.4926614523238706,0.3024954769337754,0.29141984763178225,0.2827224271244927,0.30044493524115456,0.268394849030257,0.36342158465006563,0.279703839837325,0.2991920497094447,0.27779103578522557,0.3028562939021607,0.310065283408055,0.43132304419779494,0.25445000985647026,0.2591110853990423,0.2954183905722834,0.34522338488252774,0.31908808762019286,0.2861551386381924,0.31939827582818947,0.33648071582193456,0.36221147289607264,0.3124710289998122,0.28489006358838187,0.26191254441070577,0.30091233899980585,0.3413872091579604,0.2996017171329706,0.24084892985599834,0.32448320843306083,0.3575313829375797,0.3156892201175209,0.3490813880392186,0.3006283637738998,0.2949855216994564,0.28336636514680624,0.3178893558185955,0.2712444758229437,0.2730611421891086,0.331733417373509,0.25215490434254306,0.2843657629720862
0.3648109661413068,0.43672668515325264,0.4615188678748229,0.3788506583529631,0.4124893994431819,0.29103502421035804,0.3898778318425494,0.32476320232379924,0.35112555714220056,0.3705133466425574,0.32805458405939697,0.32030392471975383,0.343483827033828,0.32806159658688017,0.33389913098975943,0.44933035534128923,0.40153789473400187,0.32295519253270244,0.3797457954539948,0.34376907307067456,0.3596866907255543,0.33261422301016935,0.4699379851516036,0.40159034755432893,0.34172914402714455,0.2932118511217612,0.4144183900270954,0.4903092755449783,0.3275167575403312,0.3038496724353803,0.3189504062247801,0.3916035889589714,0.3329830128944211,0.4234666921909917,0.2921435810899585,0.3214608697876706,0.30531542834153425,0.3812574921451854,0.3413632003256157,0.45245371288547465,0.2968976014920852,0.2991203857889157,0.3701376953716764,0.35337671546521154,0.3423659115149486,0.36835614574441916,0.40187502709629563,0.37938110435058464,0.3830372586788995,0.3505514303132637,0.3131490544898868,0.31108974786470744,0.34439059337912353,0.35124805171115936,0.30877845885699085,0.2910823932514185,0.3729586501832065,0.4017475376508564,0.3317251966761112,0.4283441055727601,0.34950541687048114,0.33204959504789416,0.3503723304096489,0.3639114350316523,0.2905156982255746,0.314129220130738,0.3360030985401966,0.28544246160014836,0.3507032982462845
